buffer_sizes,total_ios,total_hits,hit_rates,intervals/s
65536,50000,500000,1.0,478.18
32768,103588,440146,0.880292,585.52
16384,185228,370422,0.740844,482.67
8192,251503,308946,0.617892,456.82
4096,306187,255479,0.510958,454.61
2048,351820,209580,0.41916,452.73
1024,390997,169569,0.339138,445.54
512,424791,134794,0.269588,452.33
256,454020,104677,0.209354,457.02
128,478999,78736,0.157472,451.11
64,501359,55625,0.11125,458.66
